Letter*,Sign&
A,https://www.lifeprint.com/asl101/signjpegs/a/a.jpg
B,https://www.lifeprint.com/asl101/signjpegs/b/b2.jpg
C,https://www.lifeprint.com/asl101/signjpegs/c/c.jpg
D,https://www.lifeprint.com/asl101/signjpegs/d/d.jpg
E,https://www.lifeprint.com/asl101/signjpegs/e/e.jpg
F,https://www.lifeprint.com/asl101/signjpegs/f/f.jpg
G,https://www.lifeprint.com/asl101/signjpegs/g/g2.jpg
H,https://www.lifeprint.com/asl101/signjpegs/h/h2.jpg
I,https://www.lifeprint.com/asl101/signjpegs/i/i1.jpg
J,https://www.lifeprint.com/asl101/signjpegs/j/j1.jpg
K,https://www.lifeprint.com/asl101/signjpegs/k/k.jpg
L,https://www.lifeprint.com/asl101/signjpegs/l/l.jpg
M,https://www.lifeprint.com/asl101/signjpegs/m/m1.jpg
N,https://www.lifeprint.com/asl101/signjpegs/n/n2.jpg
O,https://www.lifeprint.com/asl101/signjpegs/o/o3.jpg
P,https://www.lifeprint.com/asl101/signjpegs/p/p1.jpg
Q,https://www.lifeprint.com/asl101/signjpegs/q/q1.jpg
R,https://www.lifeprint.com/asl101/signjpegs/r/r.jpg
S,https://www.lifeprint.com/asl101/signjpegs/s/s.jpg
T,https://www.lifeprint.com/asl101/signjpegs/t/t.jpg
U,https://www.lifeprint.com/asl101/signjpegs/u/u.jpg
V,https://www.lifeprint.com/asl101/signjpegs/v/v.jpg
W,https://www.lifeprint.com/asl101/signjpegs/w/w.jpg
X,https://www.lifeprint.com/asl101/signjpegs/x/x1.jpg
Y,https://www.lifeprint.com/asl101/signjpegs/y/y.jpg
Z,https://www.lifeprint.com/asl101/images-signs/z.gif